pearson_r2,rmse,mse,mae,mape
0.669371684,2.757793259,7.605423658,1.985754707,0.638135058
