pearson_r2,rmse,mse,mae,mape
0.893203366,1.747132145,3.052470733,1.443640233,0.603435322
