pearson_r2,rmse,mse,mae,mape
0.707587859,2.806972038,7.879092024,2.259684774,1.039147442
