rmse,mse,mae,mape,mre
0.448596548,0.201238863,0.283125639,0.063990687,0.064
