rmse,mse,mae,mape,mre
0.987124456,0.974414691,0.821283271,0.189474635,0.189
