rmse,mse,mae,mape,mre
0.575725321,0.331459645,0.348647272,0.073798771,0.074
