CC1,RT(min),RT_Pred,,,,,,,,,,
Name,Y,seed1,seed2,seed4,seed8,seed16,seed32,seed64,seed128,seed258,seed512,average
Yhhu-8047,5.2,5.73831,5.697468,5.8927083,5.822016,5.4378924,5.362302,5.0336037,5.023894,5.756495,5.2317767,5.49964661
Yhhu-8013,5.28,5.894709,5.9503617,6.0992417,5.9940863,5.5316405,5.730468,5.095399,5.1901407,5.925647,5.2946672,5.67063611
Yhhu-9599,6.41,5.9648805,6.055198,6.228065,6.2537985,6.000937,6.0432367,5.7634735,5.8343177,5.773013,5.6048265,5.95217464
E7,4.9,4.9274716,4.862348,5.1181664,4.9608183,4.7848215,5.0074515,4.7942605,4.749066,5.0495815,4.611255,4.88652403
Yhhu-8855,5.58,5.360941,5.33165,5.5294843,5.2588253,5.235502,5.4167395,4.9273715,4.992082,5.571206,4.9334006,5.25572022
Yhhu-9703,4.74,5.1853123,5.167763,5.1764627,5.0702586,4.9981456,4.9913244,4.7380958,4.8484406,5.0851326,4.770284,5.00312196
