CC2,RT(min),RT_Pred,,,,,,,,,,
Name,Y,seed1,seed2,seed4,seed8,seed16,seed32,seed64,seed128,seed258,seed512,average
Yhhu-8047,7.12,7.558943,7.5615044,7.3430147,7.633041,7.28702,7.2912855,6.968724,7.0342503,7.304753,7.198574,7.31811099
Yhhu-8013,7.19,7.7482576,7.813254,7.5581827,7.876193,7.4306765,7.6890206,7.030566,7.22291,7.4837036,7.283445,7.5136209
Yhhu-9599,8.18,7.7481875,7.7519794,7.615644,7.9024525,7.682198,7.9054036,7.516786,7.724014,7.27411,7.502141,7.6622916
E7,6.87,6.855339,6.7065835,6.5917397,6.90539,6.6831703,7.035653,6.7128725,6.8384247,6.675416,6.6433406,6.76479293
Yhhu-8855,6.8,7.136803,7.126245,6.9076104,7.0474668,7.022325,7.340107,6.7025967,6.891498,7.0980463,6.8476477,7.01203459
Yhhu-9703,7.48,6.9205484,6.8992324,6.5724807,6.799362,6.69781,6.8789067,6.53593,6.757268,6.561124,6.673026,6.72956882
